<?xml version="1.0"?>
<doc>
    <assembly>
        <name>Cognex.DataMan.Discovery.PC</name>
    </assembly>
    <members>
        <member name="T:Cognex.DataMan.Discovery.EthSystemDiscoverer">
            <summary>
            Discovers ethernet-based DataMan systems.
            </summary>
        </member>
        <member name="M:Cognex.DataMan.Discovery.EthSystemDiscoverer.#ctor">
            <summary>
            Creates a new instance of the EthSystemDiscoverer class.
            </summary>
        </member>
        <member name="M:Cognex.DataMan.Discovery.EthSystemDiscoverer.Finalize">
            <summary>
            Allows an object to try to free resources and perform other cleanup operations before it is reclaimed by garbage collection.
            </summary>
        </member>
        <member name="M:Cognex.DataMan.Discovery.EthSystemDiscoverer.Discover">
            <summary>
            Discovers systems on the network.
            </summary>
        </member>
        <member name="M:Cognex.DataMan.Discovery.EthSystemDiscoverer.ForceNetworkSettings(System.String,System.Boolean,System.Net.IPAddress,System.Net.IPAddress,System.Net.IPAddress,System.String,System.String)">
            <summary>
            Forces a network settings based on a system MAC address.
            </summary>
            <param name="macAddress">MAC address of the system to be forced.</param>
            <param name="useDHCP">True to enable DHCP on the system, false otherwise.</param>
            <param name="ipAddress">IP addres to be set on the system.</param>
            <param name="subnetMask">Subnet mask to be set on the system.</param>
            <param name="defaultGateway">Default gateway to be set on the system.</param>
            <param name="username">User name to use for authentication.</param>
            <param name="password">Password to use for authentication.</param>
        </member>
        <member name="M:Cognex.DataMan.Discovery.EthSystemDiscoverer.Dispose">
            <summary>
            Performs application-defined tasks associated with freeing, releasing, or resetting unmanaged resources.
            </summary>
        </member>
        <member name="E:Cognex.DataMan.Discovery.EthSystemDiscoverer.SystemDiscovered">
            <summary>
            Event that fires when a new system is discovered.
            </summary>
        </member>
        <member name="T:Cognex.DataMan.Discovery.EthSystemDiscoverer.SystemInfo">
            <summary>
            Information that describes a discovered system.
            </summary>
        </member>
        <member name="M:Cognex.DataMan.Discovery.EthSystemDiscoverer.SystemInfo.ToString">
            <summary>
            Overriden, returns the name of the discovered system.
            </summary>
            <returns>The name of the discovered system.</returns>
        </member>
        <member name="P:Cognex.DataMan.Discovery.EthSystemDiscoverer.SystemInfo.Type">
            <summary>
            Gets the type of the discovered system.
            </summary>
        </member>
        <member name="P:Cognex.DataMan.Discovery.EthSystemDiscoverer.SystemInfo.Name">
            <summary>
            Gets the name of the discovered system.
            </summary>
        </member>
        <member name="P:Cognex.DataMan.Discovery.EthSystemDiscoverer.SystemInfo.IPAddress">
            <summary>
            Gets the IP address of the discovered system.
            </summary>
        </member>
        <member name="P:Cognex.DataMan.Discovery.EthSystemDiscoverer.SystemInfo.SubnetMask">
            <summary>
            Gets the subnet mask of the discovered system.
            </summary>
        </member>
        <member name="P:Cognex.DataMan.Discovery.EthSystemDiscoverer.SystemInfo.DefaultGateway">
            <summary>
            Gets the default gateway of the discovered system.
            </summary>
        </member>
        <member name="P:Cognex.DataMan.Discovery.EthSystemDiscoverer.SystemInfo.MacAddress">
            <summary>
            Gets the MAC address of the discovered system.
            </summary>
        </member>
        <member name="P:Cognex.DataMan.Discovery.EthSystemDiscoverer.SystemInfo.SerialNumber">
            <summary>
            Gets the serial number of the discovered system.
            </summary>
        </member>
        <member name="P:Cognex.DataMan.Discovery.EthSystemDiscoverer.SystemInfo.IsDhcpEnabled">
            <summary>
            Gets the enabled state of DHCP of the discovered system.
            </summary>
        </member>
        <member name="T:Cognex.DataMan.Discovery.EthSystemDiscoverer.SystemDiscoveredHandler">
            <summary>
            Event handler for SystemDiscovered event.
            </summary>
            <param name="systemInfo">Information about the discovered system.</param>
        </member>
        <member name="T:Cognex.DataMan.Discovery.SerSystemDiscoverer">
            <summary>
            Discovers DataMan systems connected to serial communication ports.
            </summary>
        </member>
        <member name="M:Cognex.DataMan.Discovery.SerSystemDiscoverer.#ctor">
            <summary>
            Creates a new instance of the SerSystemDiscoverer class.
            </summary>
        </member>
        <member name="M:Cognex.DataMan.Discovery.SerSystemDiscoverer.Finalize">
            <summary>
            Allows an object to try to free resources and perform other cleanup operations before it is reclaimed by garbage collection.
            </summary>
        </member>
        <member name="M:Cognex.DataMan.Discovery.SerSystemDiscoverer.Discover">
            <summary>
            Discovers systems on the available serial communication ports.
            </summary>
        </member>
        <member name="M:Cognex.DataMan.Discovery.SerSystemDiscoverer.Dispose">
            <summary>
            Disposes the instance of this class.
            </summary>
        </member>
        <member name="E:Cognex.DataMan.Discovery.SerSystemDiscoverer.SystemDiscovered">
            <summary>
            Event that fires when a new system is discovered.
            </summary>
        </member>
        <member name="T:Cognex.DataMan.Discovery.SerSystemDiscoverer.SystemInfo">
            <summary>
            Information that describes a discovered system.
            </summary>
        </member>
        <member name="M:Cognex.DataMan.Discovery.SerSystemDiscoverer.SystemInfo.ToString">
            <summary>
            Overriden, returns the name of serial port on which the system was discovered.
            </summary>
            <returns>The name of serial port on which the system was discovered.</returns>
        </member>
        <member name="P:Cognex.DataMan.Discovery.SerSystemDiscoverer.SystemInfo.PortName">
            <summary>
            Gets the name of the port on which the system was discovered.
            </summary>
        </member>
        <member name="P:Cognex.DataMan.Discovery.SerSystemDiscoverer.SystemInfo.Baudrate">
            <summary>
            Gets the baud rate that is used by the discovered system.
            </summary>
        </member>
        <member name="P:Cognex.DataMan.Discovery.SerSystemDiscoverer.SystemInfo.SerialNumber">
            <summary>
            Gets the serial number of the discovered system.
            </summary>
        </member>
        <member name="P:Cognex.DataMan.Discovery.SerSystemDiscoverer.SystemInfo.Name">
            <summary>
            Gets the name of the discovered system.
            </summary>
        </member>
        <member name="T:Cognex.DataMan.Discovery.SerSystemDiscoverer.SystemDiscoveredHandler">
            <summary>
            Event handler for SystemDiscovered event.
            </summary>
            <param name="systemInfo">Information about the discovered system.</param>
        </member>
    </members>
</doc>
